{
  "variants": {
    "": [
      {"model": "minecraft:block/grass"},
      {"model": "minecraft:block/grass"},
      {"model": "minecraft:block/grass"},
      {"model": "minecraft:block/grass"},
      {"model": "minecraft:block/grass"},
      {"model": "minecraft:block/grass"},
      {"model": "minecraft:block/grass"},
      {"model": "minecraft:block/grass"},
      {"model": "minecraft:block/grass"},
      {"model": "minecraft:block/grass"},
      {"model": "minecraft:block/grass"},
      {"model": "minecraft:block/grass"},
      {"model": "minecraft:block/grass"},
      {"model": "minecraft:block/grass"},
      {"model": "minecraft:block/grass"},
      {"model": "minecraft:block/grass"},
      {"model": "minecraft:block/grass_flw"},
      {"model": "minecraft:block/grass_rks"},
      {"model": "minecraft:block/grass_flw2"},
      {"model": "minecraft:block/grass_rks"},
      {"model": "minecraft:block/grass_flw2"}
    ]
  }
}